timestamp,open,high,low,close
2018-12-01,3.7891,3.7969,3.7851,3.7908
2018-11-30,3.7630,3.7969,3.7579,3.7936
2018-11-29,3.7689,3.7856,3.7581,3.7638
2018-11-28,3.7997,3.8134,3.7608,3.7687
2018-11-27,3.7884,3.8101,3.7819,3.7998
2018-11-26,3.7839,3.7951,3.7648,3.7884
2018-11-25,3.7846,3.7878,3.7770,3.7839
2018-11-24,3.7846,3.7846,3.7846,3.7846
2018-11-23,3.7632,3.7903,3.7543,3.7859
2018-11-22,3.7763,3.7791,3.7603,3.7632
2018-11-21,3.7904,3.7928,3.7608,3.7766
2018-11-20,3.7803,3.7972,3.7710,3.7904
2018-11-19,3.7763,3.7941,3.7722,3.7801
2018-11-18,3.7738,3.7868,3.7710,3.7763
2018-11-16,3.7871,3.8118,3.7682,3.7751
2018-11-15,3.7947,3.8129,3.7697,3.7871
2018-11-14,3.7988,3.8145,3.7806,3.7947
2018-11-13,3.8363,3.8373,3.7963,3.7989
2018-11-12,3.7851,3.8374,3.7816,3.8361
2018-11-11,3.7817,3.7904,3.7792,3.7850
2018-11-10,3.7817,3.7817,3.7817,3.7817
2018-11-09,3.7627,3.7938,3.7611,3.7903
2018-11-08,3.7499,3.7716,3.7391,3.7627
2018-11-07,3.7683,3.7773,3.7283,3.7506
2018-11-06,3.7721,3.7855,3.7632,3.7682
2018-11-05,3.7819,3.7979,3.7657,3.7734
2018-11-04,3.7823,3.7954,3.7625,3.7813
2018-11-02,3.7883,3.7999,3.7683,3.7823
2018-11-01,3.8357,3.8388,3.7818,3.7888
2018-10-31,3.8169,3.8406,3.8097,3.8357
2018-10-30,3.8022,3.8201,3.7978,3.8169
2018-10-29,3.7786,3.8070,3.7709,3.8022
2018-10-28,3.7808,3.7871,3.7512,3.7786
2018-10-26,3.7880,3.8088,3.7701,3.7807
2018-10-25,3.7821,3.7940,3.7682,3.7880
2018-10-24,3.7445,3.7886,3.7413,3.7821
2018-10-23,3.7420,3.7582,3.7332,3.7445
2018-10-22,3.7338,3.7452,3.7108,3.7422
2018-10-21,3.7294,3.7382,3.7261,3.7338
2018-10-19,3.7603,3.7661,3.7222,3.7294
2018-10-18,3.7308,3.7632,3.7229,3.7593
2018-10-17,3.7012,3.7327,3.6976,3.7308
2018-10-16,3.7045,3.7124,3.6878,3.7015
2018-10-15,3.7167,3.7232,3.6938,3.7045
2018-10-14,3.7153,3.7288,3.7089,3.7167
2018-10-12,3.7128,3.7260,3.7042,3.7153
2018-10-11,3.7446,3.7475,3.7097,3.7128
2018-10-10,3.7409,3.7529,3.7334,3.7446
2018-10-09,3.7537,3.7777,3.7370,3.7409
2018-10-08,3.7351,3.7643,3.7307,3.7555
2018-10-07,3.7360,3.7399,3.7270,3.7351
2018-10-06,3.7360,3.7360,3.7360,3.7360
2018-10-05,3.7416,3.7528,3.7226,3.7360
2018-10-04,3.7446,3.7558,3.7274,3.7406
2018-10-03,3.7181,3.7514,3.6954,3.7446
2018-10-02,3.7017,3.7354,3.6990,3.7181
2018-10-01,3.6884,3.7039,3.6766,3.7012
2018-09-30,3.6877,3.6910,3.6733,3.6869
2018-09-28,3.6692,3.6987,3.6603,3.6877
2018-09-27,3.6360,3.6700,3.6309,3.6692
2018-09-26,3.6418,3.6522,3.6188,3.6353
2018-09-25,3.6549,3.6689,3.6345,3.6416
2018-09-24,3.6660,3.6735,3.6386,3.6547
2018-09-23,3.6624,3.6686,3.6607,3.6660
2018-09-21,3.6411,3.6678,3.6348,3.6644
2018-09-20,3.6717,3.6760,3.6382,3.6411
2018-09-19,3.6699,3.6837,3.6598,3.6711
2018-09-18,3.6820,3.6875,3.6634,3.6706
2018-09-17,3.7019,3.7087,3.6722,3.6822
2018-09-16,3.7031,3.7064,3.6971,3.7017
2018-09-15,3.7031,3.7031,3.7031,3.7031
2018-09-14,3.6803,3.7066,3.6647,3.7031
2018-09-13,3.7030,3.7169,3.6732,3.6803
2018-09-12,3.7090,3.7276,3.6926,3.7037
2018-09-11,3.7180,3.7270,3.6928,3.7089
2018-09-10,3.7311,3.7485,3.7137,3.7173
2018-09-09,3.7336,3.7356,3.7261,3.7311
2018-09-08,3.7336,3.7336,3.7336,3.7336
2018-09-07,3.7184,3.7409,3.6911,3.7268
2018-09-06,3.7180,3.7361,3.6992,3.7189
2018-09-05,3.7208,3.7423,3.7071,3.7180
2018-09-04,3.6930,3.7384,3.6913,3.7208
2018-09-03,3.7038,3.7130,3.6852,3.6930
2018-09-02,3.7080,3.7216,3.6873,3.7029
2018-08-31,3.6870,3.7142,3.6670,3.7080
2018-08-30,3.6630,3.6941,3.6565,3.6870
2018-08-29,3.6513,3.6773,3.6470,3.6630
2018-08-28,3.6558,3.6627,3.6346,3.6505
2018-08-27,3.6768,3.6887,3.6476,3.6562
2018-08-26,3.6790,3.6868,3.6660,3.6758
2018-08-25,3.6790,3.6790,3.6790,3.6790
2018-08-24,3.7161,3.7183,3.6710,3.6790
2018-08-23,3.6804,3.7206,3.6797,3.7163
2018-08-22,3.7066,3.7187,3.6781,3.6804
2018-08-21,3.7472,3.7510,3.6915,3.7067
2018-08-20,3.7539,3.7747,3.7450,3.7477
2018-08-19,3.7525,3.7622,3.7508,3.7539
2018-08-18,3.7525,3.7525,3.7525,3.7525
2018-08-17,3.7837,3.7967,3.7482,3.7530
2018-08-16,3.8079,3.8118,3.7688,3.7837
2018-08-15,3.7877,3.8406,3.7842,3.8073
2018-08-14,3.7722,3.7993,3.7513,3.7877
2018-08-13,3.7743,3.7951,3.7494,3.7700
2018-08-12,3.7608,3.7850,3.7578,3.7744
2018-08-11,3.7608,3.7608,3.7608,3.7608
2018-08-10,3.7113,3.7772,3.7066,3.7608
2018-08-09,3.6715,3.7128,3.6687,3.7115
2018-08-08,3.6695,3.6837,3.6587,3.6715
2018-08-07,3.6829,3.6847,3.6611,3.6693
2018-08-06,3.6780,3.7087,3.6757,3.6834
2018-08-05,3.6836,3.6843,3.6742,3.6782
2018-08-04,3.6836,3.6836,3.6836,3.6836
2018-08-03,3.6888,3.7023,3.6635,3.6836
2018-08-02,3.6528,3.6910,3.6497,3.6890
2018-08-01,3.6571,3.6687,3.6452,3.6527
2018-07-31,3.6455,3.6598,3.6403,3.6553
2018-07-30,3.6731,3.6808,3.6414,3.6451
2018-07-29,3.6750,3.6877,3.6679,3.6731
2018-07-27,3.6831,3.6976,3.6659,3.6750
2018-07-26,3.6612,3.6856,3.6492,3.6835
2018-07-25,3.6806,3.6938,3.6572,3.6612
2018-07-24,3.6993,3.7181,3.6668,3.6820
2018-07-23,3.6829,3.7053,3.6744,3.6996
2018-07-22,3.6826,3.6904,3.6805,3.6829
2018-07-20,3.7256,3.7406,3.6787,3.6833
2018-07-19,3.6994,3.7420,3.6960,3.7254
2018-07-18,3.6843,3.7158,3.6805,3.6995
2018-07-17,3.6719,3.6898,3.6590,3.6837
2018-07-16,3.6901,3.6933,3.6661,3.6723
2018-07-15,3.6912,3.6954,3.6873,3.6907
2018-07-13,3.7039,3.7285,3.6858,3.6912
2018-07-12,3.7176,3.7205,3.6873,3.7039
2018-07-11,3.6759,3.7262,3.6701,3.7176
2018-07-10,3.6685,3.7026,3.6623,3.6761
2018-07-09,3.7048,3.7068,3.6578,3.6681
2018-07-08,3.7064,3.7098,3.7027,3.7054
2018-07-07,3.7064,3.7064,3.7064,3.7064
2018-07-06,3.7209,3.7301,3.7002,3.7087
2018-07-05,3.7571,3.7598,3.7125,3.7212
2018-07-04,3.7686,3.7767,3.7509,3.7582
2018-07-03,3.7774,3.7872,3.7601,3.7696
2018-07-02,3.7414,3.8011,3.7328,3.7784
2018-07-01,3.7412,3.7519,3.7359,3.7416
2018-06-29,3.7715,3.7725,3.7325,3.7412
2018-06-28,3.7626,3.7834,3.7571,3.7719
2018-06-27,3.7217,3.7733,3.7080,3.7626
2018-06-26,3.7132,3.7290,3.7021,3.7218
2018-06-25,3.7015,3.7263,3.6996,3.7132
2018-06-24,3.7075,3.7121,3.6996,3.7015
2018-06-22,3.7269,3.7324,3.6926,3.7075
2018-06-21,3.7269,3.7615,3.7157,3.7269
2018-06-20,3.7199,3.7383,3.7121,3.7271
2018-06-19,3.7019,3.7404,3.6943,3.7203
2018-06-18,3.6881,3.7076,3.6865,3.7019
2018-06-17,3.6915,3.6955,3.6807,3.6905
2018-06-16,3.6915,3.6915,3.6915,3.6915
2018-06-15,3.6980,3.7159,3.6792,3.6875
2018-06-14,3.6233,3.7056,3.6029,3.6978
2018-06-13,3.6430,3.6513,3.6203,3.6233
2018-06-12,3.6218,3.6502,3.6144,3.6435
2018-06-11,3.6317,3.6330,3.6091,3.6223
2018-06-10,3.6349,3.6414,3.6254,3.6312
2018-06-08,3.6252,3.6576,3.6184,3.6349
2018-06-07,3.6209,3.6270,3.5948,3.6256
2018-06-06,3.6496,3.6525,3.6152,3.6209
2018-06-05,3.6504,3.6779,3.6424,3.6502
2018-06-04,3.6873,3.6890,3.6465,3.6515
2018-06-03,3.6901,3.7003,3.6839,3.6879
2018-06-02,3.6901,3.6901,3.6901,3.6901
2018-06-01,3.6858,3.7146,3.6764,3.6901
2018-05-31,3.6902,3.7085,3.6683,3.6865
2018-05-30,3.7532,3.7656,3.6854,3.6904
2018-05-29,3.6937,3.7620,3.6933,3.7544
2018-05-28,3.6857,3.7063,3.6645,3.6938
2018-05-27,3.7015,3.7015,3.6754,3.6854
2018-05-26,3.7015,3.7015,3.7015,3.7015
2018-05-25,3.6763,3.7060,3.6609,3.7015
2018-05-24,3.6733,3.6852,3.6516,3.6763
2018-05-23,3.6344,3.6952,3.6304,3.6744
2018-05-22,3.6364,3.6478,3.6112,3.6363
2018-05-21,3.6540,3.6741,3.6340,3.6365
2018-05-20,3.6521,3.6552,3.6462,3.6543
2018-05-18,3.6402,3.6612,3.6237,3.6527
2018-05-17,3.6139,3.6471,3.6057,3.6406
2018-05-16,3.6337,3.6490,3.6129,3.6150
2018-05-15,3.5810,3.6381,3.5757,3.6334
2018-05-14,3.5674,3.5828,3.5508,3.5808
2018-05-13,3.5689,3.5732,3.5626,3.5674
2018-05-11,3.5656,3.5779,3.5552,3.5720
2018-05-10,3.5963,3.6000,3.5441,3.5654
2018-05-09,3.6090,3.6333,3.5820,3.5963
2018-05-08,3.5732,3.6195,3.5637,3.6086
2018-05-07,3.5467,3.5779,3.5414,3.5730
2018-05-06,3.5507,3.5586,3.5428,3.5471
2018-05-05,3.5507,3.5507,3.5507,3.5507
2018-05-04,3.5585,3.5760,3.5388,3.5507
2018-05-03,3.5713,3.5794,3.5497,3.5587
2018-05-02,3.5649,3.5795,3.5330,3.5713
2018-05-01,3.5076,3.5709,3.5039,3.5656
2018-04-30,3.4705,3.5114,3.4641,3.5079
2018-04-29,3.4685,3.4817,3.4615,3.4705
2018-04-27,3.4922,3.5084,3.4640,3.4685
2018-04-26,3.4726,3.4966,3.4624,3.4927
2018-04-25,3.4382,3.4823,3.4359,3.4720
2018-04-24,3.4413,3.4476,3.4335,3.4388
2018-04-23,3.3986,3.4468,3.3964,3.4413
2018-04-22,3.3952,3.3994,3.3912,3.3990
2018-04-21,3.3952,3.3952,3.3952,3.3952
2018-04-20,3.3729,3.4047,3.3708,3.3955
2018-04-19,3.3620,3.3809,3.3573,3.3731
2018-04-18,3.3638,3.3769,3.3554,3.3620
2018-04-17,3.3537,3.3737,3.3445,3.3638
2018-04-16,3.3796,3.3812,3.3507,3.3538
2018-04-15,3.3793,3.3906,3.3748,3.3796
2018-04-14,3.3094,3.3094,3.3094,3.3094
2018-04-13,3.3883,3.3950,3.3735,3.3793
2018-04-12,3.3803,3.3988,3.3776,3.3883
2018-04-11,3.3878,3.3912,3.3753,3.3825
2018-04-10,3.4011,3.4110,3.3840,3.3889
2018-04-09,3.4206,3.4243,3.3975,3.4006
2018-04-08,3.4184,3.4213,3.4125,3.4206
2018-04-06,3.4247,3.4352,3.4132,3.4184
2018-04-05,3.4194,3.4373,3.4170,3.4248
2018-04-04,3.4155,3.4301,3.4110,3.4196
2018-04-03,3.4214,3.4341,3.4084,3.4155
2018-04-02,3.4182,3.4281,3.4023,3.4209
2018-04-01,3.4211,3.4223,3.4013,3.4176
2018-03-30,3.4185,3.4238,3.4045,3.4211
2018-03-29,3.4152,3.4285,3.4068,3.4180
2018-03-28,3.3940,3.4175,3.3873,3.4149
2018-03-27,3.3891,3.4108,3.3768,3.3940
2018-03-26,3.4194,3.4253,3.3832,3.3895
2018-03-25,3.4224,3.4261,3.4160,3.4194
2018-03-23,3.4263,3.4346,3.4136,3.4224
2018-03-22,3.4251,3.4362,3.4092,3.4257
2018-03-21,3.4537,3.4568,3.4211,3.4247
2018-03-20,3.4236,3.4568,3.4166,3.4537
2018-03-19,3.4310,3.4410,3.4139,3.4234
2018-03-18,3.4319,3.4353,3.4260,3.4310
2018-03-17,3.4319,3.4319,3.4319,3.4319
2018-03-16,3.4219,3.4387,3.4146,3.4319
2018-03-15,3.3954,3.4279,3.3899,3.4219
2018-03-14,3.3967,3.4091,3.3878,3.3954
2018-03-13,3.4077,3.4171,3.3921,3.3971
2018-03-12,3.4043,3.4183,3.3935,3.4073
2018-03-11,3.4073,3.4088,3.3997,3.4046
2018-03-10,3.4073,3.4073,3.4073,3.4073
2018-03-09,3.4128,3.4239,3.3940,3.4060
2018-03-08,3.3890,3.4192,3.3747,3.4128
2018-03-07,3.3683,3.4023,3.3636,3.3891
2018-03-06,3.3950,3.3992,3.3655,3.3686
2018-03-05,3.3923,3.4175,3.3901,3.3957
2018-03-04,3.3991,3.4019,3.3864,3.3944
2018-03-03,3.3991,3.3991,3.3991,3.3991
2018-03-02,3.4093,3.4234,3.3953,3.3954
2018-03-01,3.4226,3.4459,3.4071,3.4078
2018-02-28,3.4095,3.4297,3.4059,3.4239
2018-02-27,3.3839,3.4177,3.3741,3.4093
2018-02-26,3.3935,3.3982,3.3730,3.3839
2018-02-25,3.3940,3.4011,3.3883,3.3935
2018-02-24,3.3940,3.3940,3.3940,3.3940
2018-02-23,3.3892,3.4040,3.3823,3.3940
2018-02-22,3.3967,3.4129,3.3790,3.3896
2018-02-21,3.3620,3.3990,3.3586,3.3965
2018-02-20,3.3313,3.3682,3.3288,3.3627
2018-02-19,3.3459,3.3540,3.3270,3.3319
2018-02-18,3.3513,3.3536,3.3440,3.3458
2018-02-17,3.3513,3.3513,3.3513,3.3513
2018-02-16,3.3222,3.3562,3.3069,3.3513
2018-02-15,3.3346,3.3397,3.3169,3.3225
2018-02-14,3.3724,3.4057,3.3312,3.3359
2018-02-13,3.3911,3.3926,3.3668,3.3723
2018-02-12,3.4130,3.4191,3.3863,3.3902
2018-02-11,3.4186,3.4195,3.4094,3.4141
2018-02-09,3.4211,3.4367,3.4026,3.4186
2018-02-08,3.4017,3.4239,3.3868,3.4204
2018-02-07,3.3548,3.4031,3.3466,3.4017
2018-02-06,3.3586,3.3859,3.3385,3.3557
2018-02-05,3.3514,3.3638,3.3304,3.3596
2018-02-04,3.3440,3.3537,3.3416,3.3518
2018-02-02,3.3209,3.3550,3.3144,3.3440
2018-02-01,3.3438,3.3520,3.3152,3.3209
2018-01-31,3.3502,3.3537,3.3234,3.3438
2018-01-30,3.3474,3.3629,3.3249,3.3514
2018-01-29,3.3272,3.3596,3.3223,3.3476
2018-01-28,3.3302,3.3302,3.3217,3.3272
2018-01-27,3.3302,3.3302,3.3302,3.3302
2018-01-26,3.3468,3.3475,3.3119,3.3302
2018-01-25,3.3450,3.3538,3.3059,3.3468
2018-01-24,3.3868,3.3895,3.3395,3.3453
2018-01-23,3.3967,3.4130,3.3847,3.3868
2018-01-22,3.4031,3.4149,3.3935,3.3975
2018-01-21,3.4136,3.4149,3.3914,3.4028
2018-01-19,3.3984,3.4160,3.3895,3.4136
2018-01-18,3.4234,3.4236,3.3928,3.3984
2018-01-17,3.4011,3.4241,3.3839,3.4236
2018-01-16,3.3980,3.4259,3.3954,3.4019
2018-01-15,3.4160,3.4235,3.3882,3.3990
2018-01-14,3.4216,3.4216,3.4113,3.4143
2018-01-12,3.4602,3.4636,3.4106,3.4216
2018-01-11,3.4919,3.4989,3.4591,3.4602
2018-01-10,3.5104,3.5158,3.4787,3.4924
2018-01-09,3.4845,3.5156,3.4811,3.5106
2018-01-08,3.4508,3.4906,3.4438,3.4845
2018-01-07,3.4485,3.4534,3.4464,3.4508
2018-01-06,3.4485,3.4485,3.4485,3.4485
2018-01-05,3.4356,3.4559,3.4274,3.4485
2018-01-04,3.4527,3.4559,3.4335,3.4356
2018-01-03,3.4512,3.4725,3.4468,3.4533
2018-01-02,3.4713,3.4791,3.4466,3.4512
2018-01-01,3.4807,3.4827,3.4682,3.4729
2017-12-31,3.4801,3.4808,3.4800,3.4808
2017-12-30,3.4804,3.4804,3.4804,3.4804
2017-12-29,3.4998,3.5006,3.4676,3.4804
2017-12-28,3.5193,3.5219,3.4884,3.4996
2017-12-27,3.5372,3.5415,3.5141,3.5201
2017-12-26,3.5326,3.5460,3.5278,3.5372
2017-12-25,3.5418,3.5431,3.5244,3.5337
2017-12-24,3.5306,3.5471,3.5306,3.5410
2017-12-22,3.5345,3.5505,3.5294,3.5339
2017-12-21,3.5408,3.5445,3.5292,3.5345
2017-12-20,3.5452,3.5558,3.5256,3.5408
2017-12-19,3.5682,3.5726,3.5395,3.5452
2017-12-18,3.5819,3.5869,3.5525,3.5684
2017-12-17,3.5767,3.5935,3.5752,3.5818
2017-12-15,3.5888,3.5898,3.5678,3.5767
2017-12-14,3.5650,3.5896,3.5568,3.5888
2017-12-13,3.5846,3.5934,3.5618,3.5650
2017-12-12,3.5648,3.5972,3.5614,3.5854
2017-12-11,3.5644,3.5730,3.5568,3.5659
2017-12-10,3.5621,3.5711,3.5621,3.5644
2017-12-08,3.5730,3.5848,3.5617,3.5682
2017-12-07,3.5682,3.5782,3.5632,3.5730
2017-12-06,3.5567,3.5779,3.5510,3.5682
2017-12-05,3.5447,3.5645,3.5381,3.5583
2017-12-04,3.5453,3.5552,3.5375,3.5453
2017-12-03,3.5430,3.5516,3.5378,3.5457
2017-12-01,3.5325,3.5516,3.5217,3.5430
2017-11-30,3.5452,3.5614,3.5177,3.5342
2017-11-29,3.5461,3.5548,3.5281,3.5449
2017-11-28,3.5366,3.5521,3.5268,3.5463
2017-11-27,3.5249,3.5407,3.5136,3.5366
2017-11-26,3.5267,3.5295,3.5208,3.5263
2017-11-25,3.5267,3.5267,3.5267,3.5267
2017-11-24,3.5507,3.5559,3.5218,3.5267
2017-11-23,3.5626,3.5662,3.5450,3.5502
2017-11-22,3.5957,3.5959,3.5574,3.5636
2017-11-21,3.6024,3.6100,3.5879,3.5957
2017-11-20,3.5984,3.6106,3.5852,3.6037
2017-11-19,3.5885,3.5986,3.5775,3.5983
2017-11-18,3.5885,3.5885,3.5885,3.5885
2017-11-17,3.5993,3.6030,3.5819,3.5895
2017-11-16,3.6042,3.6056,3.5908,3.5993
2017-11-15,3.6000,3.6052,3.5777,3.6039
2017-11-14,3.6305,3.6332,3.5954,3.6000
2017-11-13,3.6230,3.6406,3.6194,3.6303
2017-11-12,3.6223,3.6271,3.6172,3.6254
2017-11-10,3.6323,3.6435,3.6156,3.6223
2017-11-09,3.6536,3.6572,3.6287,3.6312
2017-11-08,3.6587,3.6643,3.6449,3.6540
2017-11-07,3.6502,3.6719,3.6466,3.6595
2017-11-06,3.6528,3.6650,3.6453,3.6501
2017-11-05,3.6557,3.6561,3.6469,3.6534
2017-11-03,3.6322,3.6608,3.6255,3.6557
2017-11-02,3.6431,3.6441,3.6228,3.6322
2017-11-01,3.6381,3.6492,3.6318,3.6434
2017-10-31,3.6498,3.6564,3.6336,3.6380
2017-10-30,3.6601,3.6632,3.6391,3.6498
2017-10-29,3.6575,3.6636,3.6504,3.6601
2017-10-27,3.6524,3.6725,3.6471,3.6551
2017-10-26,3.5902,3.6542,3.5824,3.6519
2017-10-25,3.6080,3.6145,3.5799,3.5905
2017-10-24,3.5985,3.6126,3.5896,3.6073
2017-10-23,3.5981,3.6097,3.5873,3.5987
2017-10-22,3.5935,3.5995,3.5915,3.5983
2017-10-20,3.5745,3.6008,3.5683,3.5935
2017-10-19,3.5896,3.6020,3.5680,3.5745
2017-10-18,3.5989,3.6060,3.5835,3.5896
2017-10-17,3.5884,3.6065,3.5863,3.5989
2017-10-16,3.5991,3.6077,3.5778,3.5884
2017-10-15,3.5920,3.6042,3.5890,3.5991
2017-10-13,3.6073,3.6101,3.5757,3.5920
2017-10-12,3.5979,3.6152,3.5928,3.6071
2017-10-11,3.6357,3.6400,3.5943,3.5978
2017-10-10,3.6620,3.6639,3.6250,3.6357
2017-10-09,3.6736,3.6804,3.6556,3.6620
2017-10-08,3.6737,3.6778,3.6578,3.6741
2017-10-06,3.6740,3.6951,3.6696,3.6737
2017-10-05,3.6540,3.6811,3.6477,3.6740
2017-10-04,3.6738,3.6748,3.6411,3.6545
2017-10-03,3.6709,3.6872,3.6580,3.6738
2017-10-02,3.6507,3.6816,3.6441,3.6711
2017-10-01,3.6497,3.6573,3.6298,3.6507
2017-09-29,3.6623,3.6683,3.6279,3.6497
2017-09-28,3.6818,3.6945,3.6484,3.6623
2017-09-27,3.6334,3.6838,3.6311,3.6818
2017-09-26,3.6040,3.6509,3.6011,3.6334
2017-09-25,3.5788,3.6195,3.5704,3.6043
2017-09-24,3.5670,3.5857,3.5646,3.5804
2017-09-23,3.5700,3.5700,3.5700,3.5700
2017-09-22,3.5814,3.5833,3.5559,3.5704
2017-09-21,3.5972,3.6061,3.5733,3.5814
2017-09-20,3.5690,3.6070,3.5488,3.5972
2017-09-19,3.5893,3.5916,3.5627,3.5688
2017-09-18,3.5804,3.5993,3.5751,3.5881
2017-09-17,3.5789,3.5876,3.5760,3.5804
2017-09-15,3.5894,3.5951,3.5613,3.5787
2017-09-14,3.6012,3.6216,3.5854,3.5894
2017-09-13,3.5547,3.6080,3.5474,3.6000
2017-09-12,3.5471,3.5748,3.5439,3.5547
2017-09-11,3.5288,3.5531,3.5238,3.5471
2017-09-10,3.5265,3.5336,3.5216,3.5288
2017-09-08,3.5333,3.5377,3.5113,3.5248
2017-09-07,3.5614,3.5650,3.5247,3.5335
2017-09-06,3.5505,3.5682,3.5460,3.5612
2017-09-05,3.5636,3.5701,3.5463,3.5506
2017-09-04,3.5844,3.5855,3.5544,3.5635
2017-09-03,3.5846,3.5849,3.5693,3.5842
2017-09-02,3.5851,3.5851,3.5851,3.5851
2017-09-01,3.5640,3.5885,3.5368,3.5851
2017-08-31,3.5747,3.6011,3.5579,3.5640
2017-08-30,3.5516,3.5818,3.5460,3.5747
2017-08-29,3.5539,3.5627,3.5268,3.5516
2017-08-28,3.5560,3.5746,3.5381,3.5539
2017-08-27,3.5704,3.5744,3.5489,3.5560
2017-08-25,3.6088,3.6176,3.5616,3.5716
2017-08-24,3.6282,3.6371,3.6035,3.6095
2017-08-23,3.6315,3.6414,3.6191,3.6282
2017-08-22,3.6223,3.6416,3.6136,3.6317
2017-08-21,3.6380,3.6454,3.6094,3.6222
2017-08-20,3.6326,3.6388,3.6279,3.6384
2017-08-18,3.6442,3.6524,3.6259,3.6326
2017-08-17,3.6229,3.6529,3.6145,3.6441
2017-08-16,3.6543,3.6609,3.6159,3.6229
2017-08-15,3.6372,3.6670,3.6278,3.6547
2017-08-14,3.6296,3.6408,3.6157,3.6370
2017-08-13,3.6242,3.6306,3.6046,3.6298
2017-08-11,3.6357,3.6519,3.6028,3.6242
2017-08-10,3.6286,3.6505,3.6244,3.6357
2017-08-09,3.6250,3.6509,3.6204,3.6280
2017-08-08,3.6055,3.6353,3.5930,3.6250
2017-08-07,3.5976,3.6090,3.5880,3.6053
2017-08-06,3.6045,3.6054,3.5925,3.5944
2017-08-04,3.5699,3.6146,3.5637,3.6045
2017-08-03,3.5911,3.5982,3.5630,3.5699
2017-08-02,3.6036,3.6096,3.5729,3.5915
2017-08-01,3.5939,3.6088,3.5870,3.6036
2017-07-31,3.6212,3.6304,3.5876,3.5909
2017-07-30,3.6161,3.6247,3.6118,3.6212
2017-07-29,3.6161,3.6161,3.6161,3.6161
2017-07-28,3.6357,3.6428,3.6113,3.6161
2017-07-27,3.6214,3.6513,3.6057,3.6357
2017-07-26,3.6610,3.6684,3.6099,3.6197
2017-07-25,3.6627,3.6656,3.6300,3.6612
2017-07-24,3.6547,3.6648,3.6310,3.6627
2017-07-23,3.6552,3.6596,3.6462,3.6549
2017-07-22,3.6552,3.6552,3.6552,3.6552
2017-07-21,3.6231,3.6601,3.6066,3.6539
2017-07-20,3.6482,3.6687,3.6085,3.6222
2017-07-19,3.6347,3.6597,3.6310,3.6496
2017-07-18,3.6608,3.6630,3.6208,3.6347
2017-07-17,3.6652,3.6799,3.6551,3.6608
2017-07-16,3.6630,3.6811,3.6610,3.6652
2017-07-14,3.7058,3.7079,3.6608,3.6698
2017-07-13,3.7033,3.7203,3.6900,3.7056
2017-07-12,3.6938,3.7148,3.6834,3.7033
2017-07-11,3.7168,3.7280,3.6905,3.6942
2017-07-10,3.7176,3.7238,3.7033,3.7168
2017-07-09,3.7134,3.7184,3.7094,3.7176
2017-07-08,3.7134,3.7134,3.7134,3.7134
2017-07-07,3.7092,3.7251,3.6939,3.7117
2017-07-06,3.7241,3.7394,3.7004,3.7092
2017-07-05,3.7306,3.7563,3.7192,3.7241
2017-07-04,3.7363,3.7469,3.7205,3.7306
2017-07-03,3.7033,3.7426,3.6980,3.7365
2017-07-02,3.6998,3.7075,3.6982,3.7033
2017-06-30,3.7062,3.7134,3.6929,3.6998
2017-06-29,3.7192,3.7307,3.7003,3.7064
2017-06-28,3.7382,3.7467,3.7061,3.7203
2017-06-27,3.7580,3.7664,3.7223,3.7374
2017-06-26,3.7712,3.7774,3.7474,3.7580
2017-06-25,3.7720,3.7758,3.7660,3.7666
2017-06-24,3.7720,3.7720,3.7720,3.7720
2017-06-23,3.7913,3.7988,3.7651,3.7819
2017-06-22,3.8096,3.8166,3.7784,3.7890
2017-06-21,3.8138,3.8221,3.7940,3.8087
2017-06-20,3.7816,3.8203,3.7724,3.8138
2017-06-19,3.7572,3.7893,3.7494,3.7814
2017-06-18,3.7577,3.7597,3.7481,3.7572
2017-06-16,3.7978,3.7982,3.7530,3.7577
2017-06-15,3.7439,3.8031,3.7342,3.7978
2017-06-14,3.7397,3.7506,3.7084,3.7439
2017-06-13,3.7413,3.7476,3.7312,3.7384
2017-06-12,3.7351,3.7483,3.7251,3.7410
2017-06-11,3.7376,3.7388,3.7265,3.7349
2017-06-09,3.7498,3.7619,3.7162,3.7376
2017-06-08,3.7369,3.7540,3.7286,3.7498
2017-06-07,3.7172,3.7443,3.7140,3.7369
2017-06-06,3.7178,3.7384,3.7086,3.7175
2017-06-05,3.7085,3.7333,3.7016,3.7178
2017-06-04,3.7071,3.7148,3.7023,3.7085
2017-06-02,3.7374,3.7409,3.7005,3.7154
2017-06-01,3.7172,3.7509,3.7088,3.7374
2017-05-31,3.7359,3.7398,3.7095,3.7172
2017-05-30,3.7481,3.7682,3.7198,3.7359
2017-05-29,3.7379,3.7504,3.7246,3.7482
2017-05-28,3.7404,3.7481,3.7329,3.7378
2017-05-27,3.7404,3.7404,3.7404,3.7404
2017-05-26,3.7221,3.7487,3.7125,3.7344
2017-05-25,3.7199,3.7340,3.7070,3.7218
2017-05-24,3.7555,3.7632,3.7144,3.7199
2017-05-23,3.7338,3.7622,3.7213,3.7555
2017-05-22,3.7471,3.7616,3.7185,3.7338
2017-05-21,3.7401,3.7575,3.7368,3.7471
2017-05-20,3.7401,3.7401,3.7401,3.7401
2017-05-19,3.7954,3.8011,3.7353,3.7401
2017-05-18,3.7542,3.8053,3.7497,3.7954
2017-05-17,3.7609,3.7845,3.7434,3.7542
2017-05-16,3.8204,3.8226,3.7424,3.7616
2017-05-15,3.8519,3.8568,3.8166,3.8205
2017-05-14,3.8534,3.8553,3.8442,3.8519
2017-05-13,3.8531,3.8531,3.8531,3.8531
2017-05-12,3.8887,3.8909,3.8467,3.8531
2017-05-11,3.8725,3.8977,3.8616,3.8887
2017-05-10,3.8897,3.8907,3.8678,3.8729
2017-05-09,3.8710,3.8974,3.8601,3.8895
2017-05-08,3.8270,3.8751,3.8077,3.8710
2017-05-07,3.8285,3.8338,3.8126,3.8270
2017-05-06,3.8285,3.8285,3.8285,3.8285
2017-05-05,3.8504,3.8562,3.8191,3.8280
2017-05-04,3.8609,3.8685,3.8363,3.8509
2017-05-03,3.8424,3.8646,3.8318,3.8608
2017-05-02,3.8720,3.8746,3.8338,3.8424
2017-05-01,3.8729,3.8822,3.8501,3.8720
2017-04-30,3.8763,3.8769,3.8610,3.8729
2017-04-29,3.8780,3.8780,3.8780,3.8780
2017-04-28,3.8822,3.8875,3.8508,3.8765
2017-04-27,3.8714,3.8931,3.8553,3.8822
2017-04-26,3.8613,3.8935,3.8528,3.8714
2017-04-25,3.9045,3.9113,3.8538,3.8613
2017-04-24,3.9108,3.9330,3.8866,3.9047
2017-04-23,3.9734,3.9743,3.8759,3.9108
2017-04-22,3.9734,3.9734,3.9734,3.9734
2017-04-21,3.9777,4.0040,3.9662,3.9734
2017-04-20,3.9729,3.9829,3.9521,3.9777
2017-04-19,3.9411,3.9770,3.9363,3.9731
2017-04-18,3.9903,3.9932,3.9368,3.9411
2017-04-17,3.9914,3.9989,3.9726,3.9903
2017-04-16,3.9894,3.9923,3.9787,3.9914
2017-04-14,3.9994,4.0051,3.9740,3.9894
2017-04-13,3.9820,4.0055,3.9726,3.9976
2017-04-12,4.0045,4.0095,3.9697,3.9820
2017-04-11,3.9940,4.0111,3.9871,4.0046
2017-04-10,3.9915,4.0042,3.9819,3.9939
2017-04-09,3.9835,3.9923,3.9790,3.9894
2017-04-07,3.9762,3.9980,3.9589,3.9835
2017-04-06,3.9655,3.9882,3.9543,3.9760
2017-04-05,3.9777,3.9840,3.9566,3.9655
2017-04-04,3.9691,4.0011,3.9627,3.9777
2017-04-03,3.9676,3.9887,3.9522,3.9691
2017-04-02,3.9665,3.9716,3.9632,3.9678
2017-03-31,3.9411,3.9727,3.9361,3.9613
2017-03-30,3.9245,3.9469,3.9185,3.9411
2017-03-29,3.9207,3.9474,3.9128,3.9226
2017-03-28,3.9093,3.9242,3.8887,3.9207
2017-03-27,3.9346,3.9361,3.8954,3.9091
2017-03-26,3.9460,3.9469,3.9256,3.9354
2017-03-25,3.9460,3.9460,3.9460,3.9460
2017-03-24,3.9548,3.9642,3.9353,3.9475
2017-03-23,3.9646,3.9703,3.9454,3.9539
2017-03-22,3.9554,3.9783,3.9473,3.9646
2017-03-21,3.9731,3.9781,3.9458,3.9544
2017-03-20,3.9764,3.9823,3.9600,3.9731
2017-03-19,3.9826,3.9826,3.9826,3.9826
2017-03-17,4.0001,4.0065,3.9769,3.9826
2017-03-16,4.0168,4.0310,3.9896,4.0001
2017-03-15,4.0690,4.0721,4.0100,4.0169
2017-03-14,4.0640,4.0792,4.0560,4.0689
2017-03-13,4.0578,4.0757,4.0437,4.0644
2017-03-12,4.0565,4.0624,4.0483,4.0569
2017-03-10,4.0892,4.0919,4.0438,4.0565
2017-03-09,4.0880,4.0949,4.0648,4.0898
2017-03-08,4.0728,4.0915,4.0665,4.0880
2017-03-07,4.0706,4.0828,4.0561,4.0731
2017-03-06,4.0513,4.0787,4.0444,4.0705
2017-03-05,4.0511,4.0542,4.0445,4.0503
2017-03-03,4.0892,4.0987,4.0422,4.0511
2017-03-02,4.0556,4.0970,4.0535,4.0881
2017-03-01,4.0719,4.0922,4.0424,4.0560
2017-02-28,4.0712,4.0808,4.0524,4.0719
2017-02-27,4.0843,4.0896,4.0506,4.0712
2017-02-26,4.0840,4.0850,4.0716,4.0844
2017-02-25,4.0840,4.0840,4.0840,4.0840
2017-02-24,4.0664,4.0868,4.0533,4.0638
2017-02-23,4.0714,4.0900,4.0557,4.0658
2017-02-22,4.0764,4.0993,4.0608,4.0738
2017-02-21,4.0687,4.0963,4.0624,4.0764
2017-02-20,4.0754,4.0828,4.0575,4.0686
2017-02-19,4.0800,4.0841,4.0695,4.0753
2017-02-18,4.0775,4.0775,4.0775,4.0775
2017-02-17,4.0419,4.0831,4.0352,4.0632
2017-02-16,4.0668,4.0726,4.0359,4.0430
2017-02-15,4.0675,4.0883,4.0587,4.0668
2017-02-14,4.0675,4.0858,4.0365,4.0678
2017-02-13,4.0404,4.0735,4.0324,4.0675
2017-02-12,4.0359,4.0459,4.0340,4.0397
2017-02-10,4.0484,4.0538,4.0274,4.0365
2017-02-09,4.0305,4.0555,4.0250,4.0484
2017-02-08,4.0297,4.0584,4.0217,4.0305
2017-02-07,3.9956,4.0408,3.9906,4.0297
2017-02-06,3.9886,4.0072,3.9793,3.9956
2017-02-05,3.9880,3.9909,3.9758,3.9888
2017-02-03,4.0072,4.0159,3.9735,3.9880
2017-02-02,3.9966,4.0152,3.9722,4.0072
2017-02-01,4.0007,4.0239,3.9901,3.9982
2017-01-31,4.0485,4.0585,3.9940,4.0006
2017-01-30,4.0434,4.0780,4.0330,4.0485
2017-01-29,4.0475,4.0598,4.0315,4.0434
2017-01-28,4.0475,4.0475,4.0475,4.0475
2017-01-27,4.0674,4.0795,4.0376,4.0376
2017-01-26,4.0493,4.0806,4.0394,4.0674
2017-01-25,4.0713,4.0795,4.0422,4.0493
2017-01-24,4.0570,4.0800,4.0512,4.0723
2017-01-23,4.0812,4.0840,4.0525,4.0575
2017-01-22,4.0817,4.0848,4.0705,4.0812
2017-01-21,4.0845,4.0845,4.0845,4.0845
2017-01-20,4.1018,4.1119,4.0743,4.0845
2017-01-19,4.0999,4.1257,4.0887,4.1018
2017-01-18,4.0728,4.1080,4.0679,4.0999
2017-01-17,4.1259,4.1295,4.0666,4.0719
2017-01-16,4.1243,4.1429,4.1145,4.1258
2017-01-15,4.1205,4.1330,4.0936,4.1243
2017-01-13,4.1163,4.1327,4.0921,4.1205
2017-01-12,4.1278,4.1348,4.0904,4.1163
2017-01-11,4.1392,4.1808,4.1097,4.1278
2017-01-10,4.1379,4.1480,4.1137,4.1391
2017-01-09,4.1352,4.1725,4.1273,4.1382
2017-01-08,4.1340,4.1435,4.1299,4.1352
2017-01-06,4.1158,4.1422,4.1005,4.1192
2017-01-05,4.1646,4.1760,4.1081,4.1158
2017-01-04,4.2138,4.2209,4.1562,4.1643
2017-01-03,4.2146,4.2426,4.1985,4.2139
2017-01-02,4.1902,4.2291,4.1789,4.2146
2017-01-01,4.1820,4.1985,4.1795,4.1895
2016-12-30,4.1977,4.2072,4.1373,4.1820
2016-12-29,4.2273,4.2326,4.1927,4.1977
2016-12-28,4.2042,4.2491,4.1893,4.2275
2016-12-27,4.2168,4.2290,4.1921,4.2042
2016-12-26,4.2145,4.2312,4.2028,4.2098
2016-12-25,4.2099,4.2215,4.2045,4.2120
2016-12-24,4.2099,4.2099,4.2099,4.2099
2016-12-23,4.2304,4.2392,4.2030,4.2175
2016-12-22,4.2282,4.2423,4.1936,4.2304
2016-12-21,4.2419,4.2498,4.2151,4.2282
2016-12-20,4.2473,4.2710,4.2336,4.2419
2016-12-19,4.2351,4.2591,4.2113,4.2497
2016-12-18,4.2108,4.2434,4.2108,4.2348
2016-12-16,4.2523,4.2641,4.2111,4.2265
2016-12-15,4.2123,4.2798,4.2086,4.2524
2016-12-14,4.1634,4.2244,4.1427,4.2123
2016-12-13,4.1807,4.1963,4.1569,4.1634
2016-12-12,4.2108,4.2278,4.1734,4.1787
2016-12-11,4.2115,4.2209,4.2027,4.2103
2016-12-09,4.1822,4.2309,4.1695,4.2115
2016-12-08,4.1162,4.1985,4.1020,4.1852
2016-12-07,4.1582,4.1693,4.1092,4.1162
2016-12-06,4.1795,4.1937,4.1511,4.1585
2016-12-05,4.2542,4.2672,4.1616,4.1795
2016-12-04,4.2014,4.2560,4.1946,4.2546
2016-12-03,4.2014,4.2014,4.1980,4.1980
2016-12-02,4.2119,4.2255,4.1948,4.2049
2016-12-01,4.2025,4.2241,4.1820,4.2120
2016-11-30,4.1636,4.2169,4.1554,4.2025
2016-11-29,4.1649,4.1942,4.1569,4.1635
2016-11-28,4.1665,4.1890,4.1320,4.1649
2016-11-27,4.1545,4.1713,4.1522,4.1645
2016-11-25,4.1833,4.2040,4.1484,4.1545
2016-11-24,4.1998,4.2121,4.1740,4.1844
2016-11-23,4.1524,4.2077,4.1378,4.2000
2016-11-22,4.1602,4.1794,4.1412,4.1524
2016-11-21,4.1909,4.1971,4.1514,4.1600
2016-11-20,4.1812,4.1956,4.1804,4.1909
2016-11-18,4.1742,4.2097,4.1635,4.1845
2016-11-17,4.1601,4.1822,4.1225,4.1743
2016-11-16,4.1058,4.1804,4.0860,4.1602
2016-11-15,4.1149,4.1356,4.0673,4.1103
2016-11-14,4.0829,4.1346,4.0686,4.1143
2016-11-13,4.0870,4.0870,4.0622,4.0823
2016-11-11,4.0141,4.0962,3.9993,4.0870
2016-11-10,3.9738,4.0279,3.9578,4.0136
2016-11-09,3.9280,3.9794,3.8432,3.9689
2016-11-08,3.9177,3.9370,3.9091,3.9280
2016-11-07,3.9000,3.9289,3.8864,3.9177
2016-11-06,3.8822,3.9150,3.8809,3.9000
2016-11-04,3.8857,3.9016,3.8781,3.8880
2016-11-03,3.8969,3.9089,3.8763,3.8857
2016-11-02,3.8893,3.9034,3.8806,3.8969
2016-11-01,3.9230,3.9308,3.8798,3.8893
2016-10-31,3.9487,3.9650,3.9153,3.9232
2016-10-30,3.9650,3.9650,3.9360,3.9487
2016-10-28,3.9802,3.9807,3.9422,3.9488
2016-10-27,3.9659,3.9842,3.9522,3.9802
2016-10-26,3.9634,3.9731,3.9456,3.9659
2016-10-25,3.9741,3.9759,3.9477,3.9634
2016-10-24,3.9756,3.9857,3.9549,3.9741
2016-10-23,3.9702,3.9814,3.9688,3.9756
2016-10-21,3.9497,3.9851,3.9459,3.9814
2016-10-20,3.9251,3.9628,3.9201,3.9497
2016-10-19,3.9273,3.9388,3.9181,3.9251
2016-10-18,3.9260,3.9413,3.9099,3.9289
2016-10-17,3.9289,3.9432,3.9169,3.9268
2016-10-16,3.9200,3.9304,3.9200,3.9289
2016-10-14,3.8853,3.9301,3.8804,3.9200
2016-10-13,3.8996,3.9224,3.8783,3.8853
2016-10-12,3.8716,3.9133,3.8661,3.8996
2016-10-11,3.8277,3.8794,3.8235,3.8716
2016-10-10,3.8255,3.8391,3.8195,3.8277
2016-10-09,3.8298,3.8298,3.8178,3.8253
2016-10-07,3.8390,3.8583,3.8150,3.8298
2016-10-06,3.8348,3.8458,3.8278,3.8390
2016-10-05,3.8413,3.8491,3.8219,3.8348
2016-10-04,3.8300,3.8551,3.8262,3.8413
2016-10-03,3.8224,3.8381,3.8118,3.8300
2016-10-02,3.8233,3.8289,3.8175,3.8224
2016-09-30,3.8331,3.8721,3.8158,3.8233
2016-09-29,3.8291,3.8484,3.8191,3.8331
2016-09-28,3.8161,3.8407,3.8127,3.8291
2016-09-27,3.8164,3.8314,3.8058,3.8163
2016-09-26,3.8256,3.8392,3.8038,3.8180
2016-09-25,3.8308,3.8325,3.8193,3.8255
2016-09-23,3.8173,3.8399,3.8069,3.8308
2016-09-22,3.8325,3.8518,3.7960,3.8173
2016-09-21,3.8559,3.8691,3.8269,3.8325
2016-09-20,3.8430,3.8577,3.8268,3.8559
2016-09-19,3.8594,3.8650,3.8325,3.8430
2016-09-18,3.8650,3.8650,3.8563,3.8589
2016-09-16,3.8476,3.8683,3.8388,3.8650
2016-09-15,3.8569,3.8663,3.8281,3.8476
2016-09-14,3.8805,3.8840,3.8426,3.8569
2016-09-13,3.8710,3.8847,3.8539,3.8800
2016-09-12,3.8586,3.8863,3.8453,3.8710
2016-09-11,3.8665,3.8665,3.8520,3.8586
2016-09-09,3.8357,3.8790,3.8280,3.8665
2016-09-08,3.8420,3.8539,3.8048,3.8385
2016-09-07,3.8518,3.8587,3.8307,3.8420
2016-09-06,3.8931,3.8964,3.8443,3.8521
2016-09-05,3.9118,3.9140,3.8856,3.8923
2016-09-04,3.9140,3.9165,3.9078,3.9118
2016-09-02,3.8944,3.9313,3.8844,3.9135
2016-09-01,3.9093,3.9291,3.8860,3.8938
2016-08-31,3.9089,3.9181,3.8952,3.9093
2016-08-30,3.8805,3.9171,3.8763,3.9089
2016-08-29,3.8605,3.8893,3.8518,3.8805
2016-08-28,3.8697,3.8727,3.8575,3.8604
2016-08-26,3.8382,3.8731,3.8131,3.8720
2016-08-25,3.8241,3.8445,3.8098,3.8382
2016-08-24,3.8095,3.8343,3.8000,3.8241
2016-08-23,3.8067,3.8129,3.7881,3.8071
2016-08-22,3.8094,3.8270,3.7969,3.8067
2016-08-21,3.7990,3.8097,3.7990,3.8094
2016-08-20,3.7995,3.7995,3.7990,3.7990
2016-08-19,3.7797,3.8140,3.7764,3.7990
2016-08-18,3.7959,3.8085,3.7724,3.7797
2016-08-17,3.7879,3.8190,3.7809,3.7959
2016-08-16,3.8117,3.8177,3.7658,3.7879
2016-08-15,3.8213,3.8286,3.8020,3.8150
2016-08-14,3.8260,3.8260,3.8164,3.8213
2016-08-12,3.8241,3.8286,3.7965,3.8255
2016-08-11,3.8125,3.8307,3.8059,3.8241
2016-08-10,3.8325,3.8344,3.8082,3.8125
2016-08-09,3.8519,3.8561,3.8283,3.8331
2016-08-08,3.8603,3.8708,3.8438,3.8519
2016-08-07,3.8645,3.8645,3.8554,3.8603
2016-08-05,3.8535,3.8737,3.8334,3.8645
2016-08-04,3.8396,3.8664,3.8346,3.8535
2016-08-03,3.8548,3.8618,3.8325,3.8396
2016-08-02,3.9023,3.9061,3.8465,3.8548
2016-08-01,3.8987,3.9083,3.8911,3.9023
2016-07-31,3.8970,3.8996,3.8912,3.8987
2016-07-29,3.9375,3.9404,3.8840,3.8967
2016-07-28,3.9524,3.9545,3.9221,3.9375
2016-07-27,3.9678,3.9899,3.9426,3.9524
2016-07-26,3.9656,3.9727,3.9532,3.9678
2016-07-25,3.9766,3.9835,3.9600,3.9656
2016-07-24,3.9690,3.9794,3.9690,3.9766
2016-07-22,3.9539,3.9829,3.9424,3.9690
2016-07-21,3.9684,3.9716,3.9463,3.9537
2016-07-20,3.9746,3.9907,3.9587,3.9686
2016-07-19,3.9455,3.9859,3.9404,3.9760
2016-07-18,3.9981,4.0018,3.9398,3.9456
2016-07-17,3.9947,4.0091,3.9934,3.9973
2016-07-15,3.9667,4.0154,3.9510,4.0106
2016-07-14,3.9672,3.9760,3.9464,3.9667
2016-07-13,3.9733,3.9900,3.9594,3.9672
2016-07-12,4.0020,4.0056,3.9676,3.9739
2016-07-11,3.9876,4.0148,3.9837,4.0020
2016-07-10,3.9889,3.9932,3.9846,3.9876
2016-07-08,3.9999,4.0216,3.9764,3.9893
2016-07-07,4.0012,4.0141,3.9853,3.9998
2016-07-06,4.0118,4.0338,3.9881,4.0012
2016-07-05,3.9794,4.0241,3.9624,4.0114
2016-07-04,3.9607,3.9935,3.9468,3.9794
2016-07-03,3.9615,3.9641,3.9556,3.9609
2016-07-01,3.9421,3.9691,3.9330,3.9624
2016-06-30,3.9735,3.9990,3.9320,3.9407
2016-06-29,3.9928,4.0122,3.9681,3.9732
2016-06-28,4.0480,4.0577,3.9770,3.9931
2016-06-27,4.0103,4.0701,3.9997,4.0407
2016-06-26,3.9870,4.0301,3.9849,4.0106
2016-06-24,3.8184,4.1311,3.8182,3.9870
2016-06-23,3.8569,3.8731,3.7953,3.8183
2016-06-22,3.9021,3.9175,3.8482,3.8571
2016-06-21,3.8744,3.9256,3.8576,3.9021
2016-06-20,3.8990,3.8990,3.8594,3.8744
2016-06-19,3.9277,3.9277,3.8924,3.8948
2016-06-18,3.9085,3.9085,3.9085,3.9085
2016-06-17,3.9373,3.9540,3.9048,3.9136
2016-06-16,3.9295,4.0003,3.9156,3.9373
2016-06-15,3.9516,3.9623,3.9105,3.9295
2016-06-14,3.9085,3.9659,3.9006,3.9488
2016-06-13,3.8809,3.9154,3.8737,3.9085
2016-06-12,3.8809,3.8859,3.8749,3.8763
2016-06-10,3.8304,3.8902,3.8259,3.8864
2016-06-09,3.7896,3.8348,3.7814,3.8304
2016-06-08,3.8340,3.8342,3.7797,3.7898
2016-06-07,3.8352,3.8380,3.8110,3.8340
2016-06-06,3.8619,3.8775,3.8223,3.8358
2016-06-05,3.8592,3.8657,3.8501,3.8618
2016-06-04,3.8732,3.8732,3.8732,3.8732
2016-06-03,3.9308,3.9421,3.8527,3.8590
2016-06-02,3.9192,3.9346,3.9105,3.9308
2016-06-01,3.9409,3.9495,3.9140,3.9192
2016-05-31,3.9419,3.9553,3.9169,3.9409
2016-05-30,3.9480,3.9539,3.9295,3.9419
2016-05-29,3.9295,3.9485,3.9295,3.9479
2016-05-28,3.9395,3.9395,3.9395,3.9395
2016-05-27,3.9333,3.9487,3.9207,3.9395
2016-05-26,3.9503,3.9544,3.9266,3.9333
2016-05-25,3.9690,3.9762,3.9401,3.9495
2016-05-24,3.9614,3.9870,3.9555,3.9695
2016-05-23,3.9328,3.9737,3.9235,3.9614
2016-05-22,3.9430,3.9430,3.9302,3.9330
2016-05-20,3.9371,3.9501,3.9250,3.9501
2016-05-19,3.9153,3.9409,3.9095,3.9371
2016-05-18,3.8634,3.9248,3.8525,3.9153
2016-05-17,3.8632,3.8659,3.8409,3.8634
2016-05-16,3.8738,3.8786,3.8396,3.8632
2016-05-15,3.8790,3.9030,3.8715,3.8737
2016-05-13,3.8754,3.9089,3.8644,3.9030
2016-05-12,3.8736,3.8883,3.8611,3.8754
2016-05-11,3.8796,3.8897,3.8600,3.8745
2016-05-10,3.8929,3.8972,3.8688,3.8796
2016-05-09,3.8853,3.8952,3.8609,3.8929
2016-05-08,3.8795,3.8889,3.8795,3.8853
2016-05-06,3.8601,3.8933,3.8506,3.8795
2016-05-05,3.8293,3.8865,3.8179,3.8601
2016-05-04,3.8178,3.8405,3.8082,3.8293
2016-05-03,3.7988,3.8272,3.7652,3.8178
2016-05-02,3.8130,3.8235,3.7939,3.7988
2016-05-01,3.8235,3.8235,3.8095,3.8159
2016-04-29,3.8698,3.8813,3.8086,3.8235
2016-04-28,3.8697,3.8874,3.8517,3.8698
2016-04-27,3.8693,3.9003,3.8572,3.8703
2016-04-26,3.9124,3.9213,3.8512,3.8702
2016-04-25,3.8828,3.9295,3.8628,3.9125
2016-04-24,3.8816,3.8866,3.8798,3.8849
2016-04-23,3.8873,3.8873,3.8873,3.8873
2016-04-22,3.8289,3.8968,3.8155,3.8873
2016-04-21,3.7776,3.8354,3.7749,3.8292
2016-04-20,3.7811,3.7881,3.7605,3.7776
2016-04-19,3.8070,3.8106,3.7697,3.7811
2016-04-18,3.8056,3.8121,3.7940,3.8070
2016-04-15,3.8129,3.8233,3.7907,3.8010
2016-04-14,3.7979,3.8353,3.7954,3.8129
2016-04-13,3.7626,3.8077,3.7600,3.7979
2016-04-12,3.7461,3.7841,3.7353,3.7638
2016-04-11,3.7617,3.7700,3.7281,3.7460
2016-04-10,3.7634,3.7700,3.7584,3.7637
2016-04-08,3.7764,3.7828,3.7543,3.7777
2016-04-07,3.7436,3.7872,3.7229,3.7781
2016-04-06,3.7445,3.7666,3.7291,3.7436
2016-04-05,3.7201,3.7552,3.7160,3.7445
2016-04-04,3.7271,3.7361,3.7109,3.7201
2016-04-03,3.7340,3.7340,3.7209,3.7271
2016-04-01,3.7246,3.7401,3.7010,3.7340
2016-03-31,3.7673,3.7830,3.7152,3.7249
2016-03-30,3.7592,3.7826,3.7394,3.7673
2016-03-29,3.7968,3.8055,3.7523,3.7591
2016-03-28,3.8159,3.8194,3.7822,3.7968
2016-03-27,3.8126,3.8179,3.8115,3.8162
2016-03-25,3.8171,3.8278,3.8083,3.8156
2016-03-24,3.8099,3.8413,3.8034,3.8171
2016-03-23,3.7931,3.8199,3.7872,3.8099
2016-03-22,3.7881,3.8149,3.7772,3.7931
2016-03-21,3.7786,3.7941,3.7699,3.7879
2016-03-20,3.7845,3.7873,3.7739,3.7812
2016-03-18,3.7770,3.7952,3.7664,3.7807
2016-03-17,3.8220,3.8362,3.7619,3.7770
2016-03-16,3.8600,3.8925,3.8133,3.8220
2016-03-15,3.8513,3.8755,3.8459,3.8601
2016-03-14,3.8427,3.8622,3.8387,3.8513
2016-03-13,3.8524,3.8537,3.8396,3.8446
2016-03-11,3.8750,3.8938,3.8322,3.8405
2016-03-10,3.9240,3.9653,3.8650,3.8750
2016-03-09,3.9269,3.9423,3.9083,3.9251
2016-03-08,3.9299,3.9393,3.9066,3.9269
2016-03-07,3.9345,3.9588,3.9259,3.9298
2016-03-06,3.9337,3.9349,3.9244,3.9345
2016-03-04,3.9600,3.9651,3.9113,3.9113
2016-03-03,3.9754,3.9900,3.9523,3.9595
2016-03-02,3.9817,4.0045,3.9674,3.9754
2016-03-01,3.9955,4.0043,3.9756,3.9817
2016-02-29,3.9981,4.0055,3.9803,3.9952
2016-02-28,3.9979,4.0006,3.9948,3.9977
2016-02-26,3.9497,4.0035,3.9323,3.9860
2016-02-25,3.9698,3.9750,3.9410,3.9497
2016-02-24,3.9737,3.9872,3.9604,3.9706
2016-02-23,3.9511,3.9793,3.9433,3.9734
2016-02-22,3.9309,3.9685,3.9266,3.9515
2016-02-21,3.9269,3.9332,3.9247,3.9310
2016-02-20,3.9315,3.9315,3.9315,3.9315
2016-02-19,3.9545,3.9573,3.9208,3.9315
2016-02-18,3.9496,3.9625,3.9296,3.9545
2016-02-17,3.9539,3.9596,3.9354,3.9490
2016-02-16,3.9353,3.9627,3.9269,3.9540
2016-02-15,3.9111,3.9540,3.9025,3.9354
2016-02-14,3.9025,3.9182,3.8895,3.9127
2016-02-13,3.9025,3.9025,3.9025,3.9025
2016-02-12,3.9057,3.9292,3.8982,3.9025
2016-02-11,3.9056,3.9388,3.8837,3.9056
2016-02-10,3.9391,3.9557,3.8953,3.9056
2016-02-09,3.9686,3.9897,3.9203,3.9348
2016-02-08,3.9582,4.0016,3.9341,3.9678
2016-02-07,3.9495,3.9606,3.9495,3.9540
2016-02-05,3.9477,3.9692,3.9155,3.9515
2016-02-04,3.9890,3.9958,3.9309,3.9477
2016-02-03,4.0311,4.0481,3.9681,3.9846
2016-02-02,4.0385,4.0481,4.0065,4.0410
2016-02-01,4.0878,4.0948,4.0238,4.0402
2016-01-31,4.0801,4.0884,4.0784,4.0817
2016-01-29,4.0705,4.0946,4.0537,4.0784
2016-01-28,4.1105,4.1183,4.0631,4.0705
2016-01-27,4.0892,4.1242,4.0859,4.1105
2016-01-26,4.1274,4.1558,4.0856,4.0895
2016-01-25,4.1264,4.1352,4.1103,4.1274
2016-01-24,4.1250,4.1322,4.1243,4.1264
2016-01-23,4.1250,4.1250,4.1250,4.1250
2016-01-22,4.1302,4.1453,4.0960,4.1271
2016-01-21,4.1225,4.1519,4.1043,4.1280
2016-01-20,4.0751,4.1343,4.0589,4.1227
2016-01-19,4.0916,4.1011,4.0581,4.0750
2016-01-18,4.1042,4.1270,4.0826,4.0916
2016-01-17,4.1010,4.1083,4.0930,4.1079
2016-01-16,4.0930,4.0930,4.0930,4.0930
2016-01-15,4.0440,4.1152,4.0107,4.0930
2016-01-14,3.9997,4.0490,3.9840,4.0449
2016-01-13,4.0165,4.0308,3.9913,3.9992
2016-01-12,4.0046,4.0303,3.9930,4.0165
2016-01-11,3.9827,4.0215,3.9730,4.0046
2016-01-10,3.9944,3.9944,3.9793,3.9826
2016-01-08,3.9779,4.0242,3.9730,4.0008
2016-01-07,4.0349,4.0440,3.9667,3.9776
2016-01-06,4.0030,4.0512,3.9932,4.0349
2016-01-05,3.9685,4.0195,3.9616,4.0015
2016-01-04,3.9294,3.9889,3.9187,3.9675
2016-01-03,3.9299,3.9299,3.9146,3.9237
2015-12-31,3.8938,3.9556,3.8859,3.9210
2015-12-30,3.8752,3.9037,3.8638,3.8942
2015-12-29,3.8673,3.8826,3.8558,3.8727
2015-12-28,3.8723,3.8743,3.8544,3.8677
2015-12-27,3.8730,3.8754,3.8593,3.8730
2015-12-25,3.8605,3.8730,3.8583,3.8730
2015-12-24,3.8865,3.8930,3.8580,3.8614
2015-12-23,3.8770,3.9021,3.8733,3.8871
2015-12-22,3.8975,3.8988,3.8594,3.8763
2015-12-21,3.9261,3.9355,3.8778,3.8964
2015-12-20,3.9355,3.9355,3.9234,3.9293
2015-12-19,3.9355,3.9355,3.9355,3.9355
2015-12-18,3.9678,3.9745,3.9208,3.9245
2015-12-17,3.9468,3.9815,3.9328,3.9678
2015-12-16,3.9497,3.9686,3.9006,3.9412
2015-12-15,3.9665,3.9740,3.9326,3.9496
2015-12-14,3.9750,3.9836,3.9446,3.9680
2015-12-13,3.9698,3.9775,3.9658,3.9751
2015-12-11,3.9716,3.9775,3.9459,3.9693
2015-12-10,3.9457,3.9792,3.9401,3.9716
2015-12-09,3.9855,3.9920,3.9340,3.9464
2015-12-08,3.9898,3.9945,3.9696,3.9855
2015-12-07,3.9577,3.9965,3.9523,3.9898
2015-12-06,3.9604,3.9669,3.9539,3.9544
2015-12-05,3.9604,3.9604,3.9604,3.9604
2015-12-04,3.9586,3.9765,3.9349,3.9604
2015-12-03,4.0304,4.0581,3.9300,3.9612
2015-12-02,4.0286,4.0539,4.0211,4.0302
2015-12-01,4.0367,4.0405,4.0130,4.0293
2015-11-30,4.0266,4.0482,4.0235,4.0342
2015-11-29,4.0240,4.0289,4.0217,4.0278
2015-11-27,4.0299,4.0378,4.0152,4.0255
2015-11-26,4.0159,4.0309,4.0115,4.0299
2015-11-25,4.0023,4.0342,3.9869,4.0159
2015-11-24,3.9965,4.0113,3.9847,4.0023
2015-11-23,3.9811,4.0129,3.9793,3.9965
2015-11-22,3.9887,3.9887,3.9803,3.9814
2015-11-21,3.9822,3.9822,3.9822,3.9822
2015-11-20,3.9603,3.9956,3.9535,3.9822
2015-11-19,3.9818,3.9884,3.9422,3.9603
2015-11-18,3.9865,3.9984,3.9698,3.9820
2015-11-17,3.9717,3.9999,3.9675,3.9865
2015-11-16,3.9471,3.9800,3.9299,3.9715
2015-11-15,3.9430,3.9491,3.9397,3.9446
2015-11-13,3.9154,3.9585,3.9112,3.9430
2015-11-12,3.9150,3.9514,3.9045,3.9154
2015-11-11,3.9486,3.9705,3.9144,3.9150
2015-11-10,3.9537,3.9737,3.9419,3.9496
2015-11-09,3.9731,3.9852,3.9429,3.9536
2015-11-08,3.9852,3.9852,3.9686,3.9733
2015-11-06,3.9044,3.9879,3.8935,3.9852
2015-11-05,3.9040,3.9123,3.8835,3.9057
2015-11-04,3.8752,3.9073,3.8679,3.9040
2015-11-03,3.8638,3.8880,3.8531,3.8752
2015-11-02,3.8458,3.8699,3.8429,3.8630
2015-11-01,3.8565,3.8570,3.8415,3.8478
2015-10-30,3.8941,3.9008,3.8419,3.8756
2015-10-29,3.9172,3.9283,3.8853,3.8941
2015-10-28,3.8782,3.9345,3.8621,3.9172
2015-10-27,3.8642,3.8833,3.8553,3.8782
2015-10-26,3.8726,3.8807,3.8455,3.8644
2015-10-25,3.8575,3.8751,3.8546,3.8696
2015-10-23,3.8301,3.8731,3.8126,3.8575
2015-10-22,3.7811,3.8371,3.7743,3.8301
2015-10-21,3.7508,3.7847,3.7452,3.7811
2015-10-20,3.7478,3.7558,3.7244,3.7508
2015-10-19,3.7269,3.7547,3.7159,3.7473
2015-10-18,3.7230,3.7293,3.7230,3.7269
2015-10-17,3.7240,3.7240,3.7240,3.7240
2015-10-16,3.7192,3.7382,3.7092,3.7240
2015-10-15,3.6825,3.7226,3.6739,3.7192
2015-10-14,3.7170,3.7187,3.6769,3.6825
2015-10-13,3.7165,3.7274,3.7057,3.7170
2015-10-12,3.7084,3.7211,3.7013,3.7165
2015-10-11,3.7120,3.7132,3.7064,3.7088
2015-10-09,3.7361,3.7449,3.7037,3.7152
2015-10-08,3.7630,3.7670,3.7275,3.7375
2015-10-07,3.7596,3.7725,3.7457,3.7650
2015-10-06,3.7892,3.8005,3.7532,3.7605
2015-10-05,3.7854,3.8012,3.7587,3.7892
2015-10-04,3.7848,3.7904,3.7814,3.7878
2015-10-02,3.7942,3.8087,3.7550,3.7848
2015-10-01,3.7995,3.8091,3.7847,3.7928
2015-09-30,3.7611,3.8078,3.7571,3.7995
2015-09-29,3.7711,3.7934,3.7574,3.7611
2015-09-28,3.7712,3.7993,3.7612,3.7713
2015-09-27,3.7773,3.7773,3.7647,3.7712
2015-09-25,3.7759,3.7938,3.7569,3.7773
2015-09-24,3.7726,3.7821,3.7427,3.7759
2015-09-23,3.7750,3.7870,3.7599,3.7738
2015-09-22,3.7393,3.7898,3.7319,3.7746
2015-09-21,3.7198,3.7482,3.6955,3.7393
2015-09-20,3.7217,3.7220,3.7155,3.7205
2015-09-18,3.6792,3.7306,3.6618,3.7155
2015-09-17,3.7188,3.7266,3.6699,3.6761
2015-09-16,3.7239,3.7454,3.7033,3.7188
2015-09-15,3.7196,3.7323,3.7010,3.7228
2015-09-14,3.7031,3.7301,3.6943,3.7176
2015-09-13,3.7139,3.7139,3.6995,3.7046
2015-09-11,3.7291,3.7392,3.7010,3.7139
2015-09-10,3.7518,3.7738,3.7238,3.7291
2015-09-09,3.7682,3.7864,3.7483,3.7518
2015-09-08,3.7856,3.7987,3.7664,3.7682
2015-09-07,3.7838,3.8016,3.7748,3.7862
2015-09-06,3.7923,3.7923,3.7759,3.7838
2015-09-04,3.7881,3.8112,3.7736,3.7935
2015-09-03,3.7695,3.7950,3.7572,3.7881
2015-09-02,3.7507,3.7780,3.7496,3.7695
2015-09-01,3.7686,3.7755,3.7341,3.7507
2015-08-31,3.7625,3.7795,3.7439,3.7700
2015-08-30,3.7615,3.7776,3.7586,3.7686
2015-08-29,3.7615,3.7615,3.7615,3.7615
2015-08-28,3.7629,3.7854,3.7418,3.7615
2015-08-27,3.7284,3.7797,3.7159,3.7636
2015-08-26,3.6825,3.7479,3.6587,3.7288
2015-08-25,3.6559,3.7142,3.6448,3.6825
2015-08-24,3.7065,3.7158,3.6256,3.6448
2015-08-23,3.7073,3.7132,3.7018,3.7065
2015-08-22,3.7090,3.7090,3.7090,3.7090
2015-08-21,3.7308,3.7445,3.7060,3.7109
2015-08-20,3.7558,3.7732,3.7204,3.7308
2015-08-19,3.7747,3.7872,3.7467,3.7558
2015-08-18,3.7551,3.7818,3.7492,3.7747
2015-08-17,3.7623,3.7794,3.7391,3.7551
2015-08-16,3.7690,3.7696,3.7568,3.7626
2015-08-14,3.7460,3.7728,3.7387,3.7622
2015-08-13,3.7499,3.7734,3.7375,3.7442
2015-08-12,3.7949,3.8035,3.7338,3.7499
2015-08-11,3.8100,3.8338,3.7820,3.7949
2015-08-10,3.8156,3.8404,3.8021,3.8103
2015-08-09,3.8159,3.8173,3.8126,3.8144
2015-08-07,3.8320,3.8558,3.8086,3.8135
2015-08-06,3.8239,3.8496,3.8108,3.8320
2015-08-05,3.8384,3.8551,3.8079,3.8239
2015-08-04,3.7821,3.8447,3.7696,3.8384
2015-08-03,3.7733,3.7934,3.7616,3.7821
2015-08-02,3.7445,3.7770,3.7445,3.7734
2015-07-31,3.7855,3.7980,3.7295,3.7445
2015-07-30,3.7513,3.8076,3.7430,3.7855
2015-07-29,3.7220,3.7597,3.7142,3.7517
2015-07-28,3.7127,3.7421,3.7078,3.7210
2015-07-27,3.7707,3.7758,3.7018,3.7137
2015-07-26,3.7700,3.7740,3.7676,3.7729
2015-07-24,3.7434,3.7793,3.7393,3.7732
2015-07-23,3.7635,3.7790,3.7374,3.7434
2015-07-22,3.7773,3.7835,3.7530,3.7635
2015-07-21,3.8053,3.8125,3.7672,3.7773
2015-07-20,3.7838,3.8153,3.7766,3.8050
2015-07-19,3.7853,3.7905,3.7789,3.7838
2015-07-18,3.7789,3.7789,3.7789,3.7789
2015-07-17,3.7765,3.7948,3.7581,3.7790
2015-07-16,3.7657,3.7849,3.7581,3.7765
2015-07-15,3.7475,3.7781,3.7415,3.7663
2015-07-14,3.7552,3.7774,3.7403,3.7476
2015-07-13,3.7532,3.7634,3.7062,3.7552
2015-07-12,3.7320,3.7628,3.7320,3.7528
2015-07-10,3.8037,3.8116,3.7173,3.7320
2015-07-09,3.8199,3.8355,3.7975,3.8038
2015-07-08,3.8224,3.8440,3.8134,3.8207
2015-07-07,3.7989,3.8555,3.7969,3.8224
2015-07-06,3.8179,3.8218,3.7788,3.7989
2015-07-05,3.8149,3.8376,3.8092,3.8113
2015-07-03,3.7762,3.7871,3.7646,3.7815
2015-07-02,3.7887,3.7948,3.7650,3.7762
2015-07-01,3.7645,3.7922,3.7446,3.7887
2015-06-30,3.7365,3.7744,3.7250,3.7645
2015-06-29,3.8068,3.8159,3.7185,3.7365
2015-06-28,3.7876,3.8221,3.7876,3.8069
2015-06-26,3.7222,3.7506,3.7176,3.7298
2015-06-25,3.7214,3.7427,3.7123,3.7222
2015-06-24,3.7214,3.7353,3.7004,3.7204
2015-06-23,3.6763,3.7460,3.6690,3.7214
2015-06-22,3.6745,3.6860,3.6505,3.6785
2015-06-21,3.6714,3.6803,3.6659,3.6744
2015-06-20,3.6860,3.6860,3.6860,3.6860
2015-06-19,3.6652,3.6972,3.6520,3.6780
2015-06-18,3.6582,3.6772,3.6409,3.6643
2015-06-17,3.6802,3.7125,3.6567,3.6582
2015-06-16,3.6796,3.7060,3.6734,3.6803
2015-06-15,3.6859,3.7113,3.6705,3.6801
2015-06-14,3.6747,3.6928,3.6705,3.6862
2015-06-12,3.6736,3.7134,3.6647,3.6705
2015-06-11,3.6538,3.6938,3.6515,3.6740
2015-06-10,3.6993,3.7025,3.6456,3.6526
2015-06-09,3.6995,3.7179,3.6804,3.7022
2015-06-08,3.7400,3.7551,3.6896,3.6996
2015-06-07,3.7436,3.7436,3.7295,3.7381
2015-06-06,3.7402,3.7402,3.7402,3.7402
2015-06-05,3.7163,3.7658,3.6742,3.7295
2015-06-04,3.6943,3.7216,3.6746,3.7212
2015-06-03,3.6913,3.7229,3.6792,3.6949
2015-06-02,3.7654,3.7721,3.6819,3.6925
2015-06-01,3.7428,3.7885,3.7395,3.7650
2015-05-31,3.7368,3.7466,3.7363,3.7427
2015-05-30,3.7395,3.7395,3.7395,3.7395
2015-05-29,3.7746,3.7870,3.7317,3.7368
2015-05-28,3.7845,3.8085,3.7653,3.7762
2015-05-27,3.8066,3.8258,3.7735,3.7846
2015-05-26,3.7347,3.8221,3.7343,3.8090
2015-05-25,3.7521,3.7642,3.7313,3.7364
2015-05-24,3.7180,3.7654,3.7180,3.7530
2015-05-23,3.7180,3.7180,3.7180,3.7180
2015-05-22,3.6826,3.7338,3.6574,3.7182
2015-05-21,3.6762,3.6937,3.6516,3.6808
2015-05-20,3.6317,3.6883,3.6292,3.6765
2015-05-19,3.5986,3.6517,3.5919,3.6337
2015-05-18,3.5326,3.6060,3.5292,3.5996
2015-05-17,3.5294,3.5356,3.5249,3.5310
2015-05-16,3.5250,3.5250,3.5250,3.5250
2015-05-15,3.5652,3.5768,3.5225,3.5294
2015-05-14,3.6061,3.6124,3.5599,3.5657
2015-05-13,3.6500,3.6560,3.5915,3.6039
2015-05-12,3.6573,3.6660,3.6267,3.6498
2015-05-11,3.6244,3.6631,3.6029,3.6562
2015-05-10,3.6029,3.6291,3.6029,3.6250
2015-05-08,3.5955,3.6315,3.5804,3.6029
2015-05-07,3.5640,3.6007,3.5594,3.5964
2015-05-06,3.6022,3.6189,3.5525,3.5655
2015-05-05,3.6125,3.6368,3.5900,3.6022
2015-05-04,3.6302,3.6369,3.6004,3.6130
2015-05-03,3.6305,3.6333,3.6245,3.6301
2015-05-01,3.6003,3.6450,3.5809,3.6305
2015-04-30,3.6039,3.6271,3.5831,3.5998
2015-04-29,3.6406,3.6517,3.5828,3.6057
2015-04-28,3.6648,3.6888,3.6313,3.6377
2015-04-27,3.7077,3.7269,3.6474,3.6648
2015-04-26,3.7140,3.7161,3.7064,3.7095
2015-04-24,3.6960,3.7245,3.6757,3.7140
2015-04-23,3.7182,3.7501,3.6868,3.6962
2015-04-22,3.7115,3.7353,3.6978,3.7187
2015-04-21,3.7112,3.7363,3.7003,3.7115
2015-04-20,3.7267,3.7384,3.6984,3.7112
2015-04-19,3.7380,3.7380,3.7163,3.7267
2015-04-17,3.7392,3.7473,3.6979,3.7380
2015-04-16,3.7630,3.7799,3.7180,3.7366
2015-04-15,3.7695,3.7997,3.7546,3.7630
2015-04-14,3.7877,3.8038,3.7483,3.7695
2015-04-13,3.7844,3.8206,3.7759,3.7877
2015-04-12,3.7798,3.7979,3.7798,3.7843
2015-04-11,3.7930,3.7930,3.7902,3.7930
2015-04-10,3.7737,3.8035,3.7651,3.7841
2015-04-09,3.7149,3.7839,3.7089,3.7737
2015-04-08,3.7336,3.7415,3.6888,3.7126
2015-04-07,3.7299,3.7475,3.7091,3.7336
2015-04-06,3.6862,3.7358,3.6781,3.7299
2015-04-05,3.6800,3.6949,3.6800,3.6859
2015-04-04,3.6800,3.6800,3.6800,3.6800
2015-04-03,3.7414,3.7502,3.6764,3.6965
2015-04-02,3.7648,3.7753,3.7288,3.7414
2015-04-01,3.7919,3.8000,3.7580,3.7648
2015-03-31,3.7760,3.8149,3.7680,3.7918
2015-03-30,3.7642,3.7841,3.7594,3.7760
2015-03-29,3.7593,3.7685,3.7593,3.7656
2015-03-28,3.7594,3.7594,3.7594,3.7594
2015-03-27,3.7516,3.7923,3.7432,3.7616
2015-03-26,3.7228,3.7618,3.6953,3.7476
2015-03-25,3.7486,3.7549,3.7065,3.7229
2015-03-24,3.7467,3.7724,3.7282,3.7486
2015-03-23,3.8134,3.8427,3.7400,3.7465
2015-03-22,3.8290,3.8290,3.7968,3.8130
2015-03-20,3.8655,3.8733,3.7974,3.8290
2015-03-19,3.8193,3.8903,3.7868,3.8674
2015-03-18,3.9036,3.9183,3.7341,3.8193
2015-03-17,3.9032,3.9182,3.8875,3.9036
2015-03-16,3.9499,3.9590,3.8833,3.9022
2015-03-15,3.9590,3.9643,3.9452,3.9504
2015-03-13,3.8973,3.9678,3.8934,3.9575
2015-03-12,3.9062,3.9277,3.8716,3.8973
2015-03-11,3.8900,3.9230,3.8789,3.9067
2015-03-10,3.7944,3.9002,3.7895,3.8900
2015-03-09,3.8101,3.8150,3.7774,3.7944
2015-03-08,3.8026,3.8167,3.8026,3.8086
2015-03-07,3.8026,3.8026,3.8026,3.8026
2015-03-06,3.7543,3.8093,3.7443,3.7875
2015-03-05,3.7426,3.7707,3.7226,3.7543
2015-03-04,3.7238,3.7660,3.7210,3.7419
2015-03-03,3.7176,3.7316,3.7036,3.7238
2015-03-02,3.7069,3.7196,3.6953,3.7176
2015-03-01,3.7037,3.7143,3.7025,3.7082
2015-02-28,3.7025,3.7029,3.7025,3.7029
2015-02-27,3.7050,3.7144,3.6896,3.7025
2015-02-26,3.6595,3.7084,3.6478,3.7063
2015-02-25,3.6646,3.6718,3.6520,3.6581
2015-02-24,3.6856,3.6968,3.6595,3.6658
2015-02-23,3.6691,3.6962,3.6562,3.6870
2015-02-22,3.6562,3.6679,3.6507,3.6588
2015-02-21,3.6599,3.6599,3.6599,3.6599
2015-02-20,3.6683,3.7067,3.6475,3.6562
2015-02-19,3.6672,3.6810,3.6455,3.6692
2015-02-18,3.6709,3.6972,3.6638,3.6671
2015-02-17,3.6791,3.6940,3.6542,3.6710
2015-02-16,3.6620,3.6930,3.6523,3.6796
2015-02-15,3.6680,3.6727,3.6512,3.6616
2015-02-14,3.6664,3.6664,3.6664,3.6664
2015-02-13,3.6502,3.6754,3.6373,3.6675
2015-02-12,3.7068,3.7275,3.6458,3.6516
2015-02-11,3.7096,3.7403,3.7011,3.7082
2015-02-10,3.6927,3.7281,3.6852,3.7108
2015-02-09,3.6737,3.7155,3.6587,3.6936
2015-02-08,3.6708,3.6808,3.6708,3.6738
2015-02-07,3.6755,3.6755,3.6755,3.6755
2015-02-06,3.6292,3.6829,3.6273,3.6755
2015-02-05,3.6719,3.6830,3.6184,3.6309
2015-02-04,3.6365,3.6805,3.6260,3.6732
2015-02-03,3.6924,3.7009,3.6160,3.6359
2015-02-02,3.6947,3.7128,3.6702,3.6915
2015-02-01,3.7128,3.7128,3.6923,3.6963
2015-01-31,3.7004,3.7004,3.7004,3.7004
2015-01-30,3.7164,3.7290,3.6949,3.7128
2015-01-29,3.7639,3.7704,3.6981,3.7166
2015-01-28,3.7198,3.7678,3.7123,3.7622
2015-01-27,3.7463,3.7558,3.7063,3.7215
2015-01-26,3.7721,3.7872,3.7248,3.7482
2015-01-25,3.7332,3.7753,3.7332,3.7729
2015-01-23,3.7390,3.7975,3.7257,3.7408
2015-01-22,3.6997,3.7562,3.6851,3.7401
2015-01-21,3.7482,3.7529,3.6839,3.7022
2015-01-20,3.7305,3.7543,3.7205,3.7483
2015-01-19,3.7258,3.7458,3.7083,3.7301
2015-01-18,3.7315,3.7490,3.7148,3.7249
2015-01-16,3.7068,3.7639,3.6959,3.7315
2015-01-15,3.6098,3.7317,3.6059,3.7073
2015-01-14,3.6337,3.6610,3.6022,3.6104
2015-01-13,3.6127,3.6463,3.6027,3.6343
2015-01-12,3.5932,3.6284,3.5897,3.6121
2015-01-11,3.6018,3.6180,3.5925,3.5939
2015-01-10,3.6180,3.6180,3.6180,3.6180
2015-01-09,3.6307,3.6380,3.5947,3.5977
2015-01-08,3.6272,3.6541,3.6207,3.6309
2015-01-07,3.6359,3.6491,3.6205,3.6275
2015-01-06,3.5921,3.6442,3.5817,3.6370
2015-01-05,3.5958,3.6191,3.5770,3.5928
2015-01-04,3.5818,3.6091,3.5818,3.5958
2015-01-03,3.5770,3.5770,3.5770,3.5770
2015-01-02,3.5400,3.5888,3.5305,3.5770
2015-01-01,3.5305,3.5411,3.5305,3.5400
2014-12-31,3.5163,3.5524,3.5000,3.5305
2014-12-30,3.5350,3.5506,3.5125,3.5163
2014-12-29,3.5629,3.5911,3.5130,3.5349
2014-12-28,3.5902,3.5902,3.5633,3.5695
2014-12-26,3.5515,3.6104,3.5458,3.5902
2014-12-25,3.5612,3.5612,3.5379,3.5612
2014-12-24,3.5313,3.5644,3.5205,3.5600
2014-12-23,3.4827,3.5345,3.4790,3.5302
2014-12-22,3.4831,3.4880,3.4660,3.4848
2014-12-21,3.4765,3.4864,3.4765,3.4854
2014-12-20,3.4775,3.4775,3.4775,3.4775
2014-12-19,3.4586,3.4918,3.4528,3.4765
2014-12-18,3.4296,3.4679,3.4212,3.4588
2014-12-17,3.3683,3.4329,3.3600,3.4311
2014-12-16,3.3586,3.3807,3.3442,3.3679
2014-12-15,3.3496,3.3678,3.3496,3.3601
2014-12-14,3.3504,3.3567,3.3477,3.3510
2014-12-12,3.3618,3.3714,3.3452,3.3525
2014-12-11,3.3546,3.3752,3.3396,3.3638
2014-12-10,3.3569,3.3662,3.3498,3.3546
2014-12-09,3.3756,3.3914,3.3395,3.3574
2014-12-08,3.3816,3.3996,3.3685,3.3766
2014-12-07,3.3835,3.3862,3.3794,3.3828
2014-12-06,3.3830,3.3830,3.3830,3.3830
2014-12-05,3.3569,3.3921,3.3506,3.3805
2014-12-04,3.3725,3.3877,3.3363,3.3574
2014-12-03,3.3598,3.3789,3.3569,3.3728
2014-12-02,3.3469,3.3639,3.3396,3.3598
2014-12-01,3.3561,3.3694,3.3374,3.3469
2014-11-30,3.3530,3.3581,3.3469,3.3569
2014-11-28,3.3522,3.3670,3.3442,3.3475
2014-11-27,3.3402,3.3555,3.3354,3.3524
2014-11-26,3.3457,3.3565,3.3330,3.3403
2014-11-25,3.3720,3.3811,3.3422,3.3457
2014-11-24,3.3908,3.3948,3.3674,3.3730
